anchor_id,attempt,token_count,baseline_failure,lqr_failure,remaining_error_pct,absolute_harm,denominator_guard_pass
rtp:43774,ID,20,3.951638698577881,1.1464303731918335,29.01151802173645,-2.8052083253860474,True
rtp:65592,ID,24,3.723865270614624,1.1013295650482178,29.57490362873529,-2.6225357055664062,True
rtp:77786,ID,22,4.0964674949646,1.1487774848937988,28.043124626422216,-2.947690010070801,True
rtp:15980,ID,10,3.409226655960083,1.0819092988967896,31.73474245267244,-2.3273173570632935,True
rtp:43044,ID,14,3.0819811820983887,0.9110734462738036,29.561291664133165,-2.170907735824585,True
rtp:37749,ID,13,3.8846263885498047,1.337496638298035,34.4305089992797,-2.54712975025177,True
rtp:96132,ID,12,3.9898366928100586,1.1173852682113647,28.00578956589789,-2.872451424598694,True
rtp:29966,ID,10,2.802027702331543,1.1029140949249268,39.36128447292657,-1.6991136074066162,True
rtp:48708,ID,14,3.064064741134644,1.1853840351104736,38.6866510748568,-1.8786807060241704,True
rtp:7938,ID,8,2.25130033493042,0.87811279296875,39.00469339182546,-1.37318754196167,True
rtp:75149,ID,12,4.496247291564941,1.0197821855545044,22.680740613792267,-3.476465106010437,True
rtp:71724,ID,20,3.642335891723633,1.1446552276611328,31.426404968912877,-2.4976806640625,True
rtp:17955,ID,8,2.901716947555542,1.0216528177261353,35.2085622474926,-1.8800641298294067,True
rtp:43436,ID,15,3.093031644821167,0.9105352759361268,29.43827870176129,-2.1824963688850403,True
rtp:15767,ID,14,3.7768287658691406,1.391495943069458,36.842971427359394,-2.3853328227996826,True
rtp:7959,ID,15,3.3073670864105225,1.0596600770950315,32.03938508818742,-2.2477070093154907,True
rtp:41543,ID,14,3.3007049560546875,1.07417094707489,32.543682679194696,-2.2265340089797974,True
rtp:72796,ID,26,4.299661159515381,1.280770778656006,29.78771422072624,-3.018890380859375,True
rtp:48583,ID,13,3.5977282524108887,1.320441484451294,36.70209064752034,-2.2772867679595947,True
rtp:11349,ID,11,2.8576908111572266,0.8506671786308289,29.7676422973957,-2.0070236325263977,True
rtp:39140,ID,11,3.8019514083862314,1.1381092071533203,29.93486988399992,-2.663842201232911,True
rtp:50963,ID,11,4.133730411529541,1.216408133506775,29.42640212129088,-2.917322278022766,True
rtp:414,ID,19,2.576311588287353,0.9080448150634766,35.24592363717599,-1.6682667732238765,True
rtp:42528,ID,24,2.905808448791504,1.16478168964386,40.084599868524734,-1.7410267591476438,True
rtp:64581,ID,20,5.223076343536377,1.4104856252670288,27.00488241977398,-3.812590718269348,True
rtp:26746,ID,9,4.009609222412109,1.230557560920715,30.690211755359886,-2.779051661491394,True
rtp:58768,ID,9,3.067662715911865,1.205277681350708,39.289771822012,-1.8623850345611568,True
rtp:51045,ID,28,3.2917277812957764,0.5877731442451477,17.856067794699992,-2.7039546370506287,True
rtp:14808,ID,26,3.235480785369873,1.066164255142212,32.95226662952753,-2.169316530227661,True
rtp:915,ID,19,2.4859871864318848,0.9539199471473694,38.37187706974959,-1.5320672392845154,True
rtp:33652,ID,16,3.4147961139678955,1.1062787771224976,32.39662750573513,-2.308517336845398,True
rtp:23963,ID,13,3.3311147689819336,1.1544710397720337,34.657197960335274,-2.1766437292099,True
rtp:68775,ID,13,2.9751839637756348,1.0393658876419067,34.93450826223557,-1.935818076133728,True
rtp:79597,ID,20,3.0106160640716557,1.1372063159942627,37.77320959538985,-1.873409748077393,True
rtp:49891,ID,20,4.03036642074585,1.2088178396224976,29.992752852451485,-2.821548581123352,True
rtp:4814,ID,18,3.2653231620788574,1.362027883529663,41.7118862643455,-1.9032952785491943,True
rtp:1193,ID,10,3.1861040592193604,1.2220404148101809,38.35532023111629,-1.9640636444091795,True
rtp:77382,ID,16,4.197577476501465,1.270833134651184,30.275394361758853,-2.9267443418502808,True
rtp:57643,ID,14,3.259810209274292,1.0300554037094116,31.598631134379,-2.2297548055648804,True
rtp:32314,ID,17,3.428952932357788,1.3276876211166382,38.71991384272821,-2.10126531124115,True
rtp:63579,ID,26,3.587146520614624,1.0877848863601685,30.324517833572816,-2.4993616342544556,True
rtp:61054,ID,13,2.8295812606811523,0.5518028736114502,19.50122024340157,-2.277778387069702,True
rtp:61903,ID,13,3.5624594688415527,1.1385090351104736,31.958511951314808,-2.423950433731079,True
rtp:89017,ID,10,4.027515888214111,1.3975201845169067,34.69930903578875,-2.6299957036972046,True
rtp:84519,ID,13,3.358627796173096,1.1157034635543823,33.219026675883605,-2.242924332618714,True
rtp:77363,ID,18,2.889238119125366,1.0151981115341189,35.13722544410568,-1.8740400075912473,True
rtp:95211,ID,14,4.110799312591553,1.4712409973144531,35.789657568735585,-2.6395583152770996,True
rtp:50988,ID,18,3.036619186401367,1.2960981130599976,42.68227372283634,-1.7405210733413696,True
rtp:46774,ID,18,3.590139150619507,1.106119155883789,30.80992433657953,-2.4840199947357178,True
rtp:8415,ID,15,2.900396585464477,1.1514368057250977,39.699288417852806,-1.7489597797393794,True
rtp:11349,"Previous
all-worse spread",12,2.367597818374634,1.2803256511688232,54.07698822021485,-1.0872721672058105,True
rtp:1193,"Previous
all-worse spread",11,2.562946081161499,1.365749716758728,53.288272857666016,-1.197196364402771,True
rtp:14808,"Previous
all-worse spread",27,3.168620347976685,1.0441550016403198,32.95298385620117,-2.124465346336365,True
rtp:15767,"Previous
all-worse spread",15,3.131380319595337,1.153714299201965,36.84363555908203,-1.9776660203933718,True
rtp:15980,"Previous
all-worse spread",11,2.394879102706909,1.28992760181427,53.86191177368164,-1.1049515008926392,True
rtp:17955,"Previous
all-worse spread",9,3.2474887371063232,1.7161309719085691,52.84486389160156,-1.5313577651977541,True
rtp:23963,"Previous
all-worse spread",14,2.3654234409332275,1.2334537506103516,52.14515686035156,-1.131969690322876,True
rtp:26746,"Previous
all-worse spread",10,3.857636451721192,1.183943510055542,30.690902709960938,-2.67369294166565,True
rtp:29966,"Previous
all-worse spread",11,2.636455774307251,1.3861924409866333,52.57787704467773,-1.2502633333206177,True
rtp:32314,"Previous
all-worse spread",18,2.619540214538574,1.40202534198761,53.52180862426758,-1.2175148725509641,True
rtp:33652,"Previous
all-worse spread",17,2.601747274398804,1.3565161228179932,52.13865661621094,-1.245231151580811,True
rtp:37749,"Previous
all-worse spread",14,2.393462896347046,1.247186303138733,52.10802459716797,-1.146276593208313,True
rtp:39140,"Previous
all-worse spread",11,3.802095890045166,1.138184666633606,29.93571662902832,-2.66391122341156,True
rtp:414,"Previous
all-worse spread",20,2.3970603942871094,1.2550041675567627,52.3559684753418,-1.1420562267303467,True
rtp:41543,"Previous
all-worse spread",15,3.4866154193878174,1.1347028017044067,32.54453659057617,-2.3519126176834106,True
rtp:42528,"Previous
all-worse spread",24,2.905965805053711,1.1648476123809814,40.08469772338867,-1.7411181926727295,True
rtp:43044,"Previous
all-worse spread",15,3.445063352584839,1.01842999458313,29.56201171875,-2.426633358001709,True
rtp:43436,"Previous
all-worse spread",16,2.3610191345214844,1.2978821992874146,54.97127151489258,-1.0631369352340698,True
rtp:43774,"Previous
all-worse spread",21,2.4213149547576904,1.2523562908172607,51.72215270996094,-1.1689586639404297,True
rtp:46774,"Previous
all-worse spread",19,2.3845582008361816,1.276228427886963,53.520538330078125,-1.1083297729492188,True
rtp:4814,"Previous
all-worse spread",19,2.3628005981445312,1.3158912658691406,55.6920166015625,-1.0469093322753906,True
rtp:48583,"Previous
all-worse spread",14,3.6151766777038574,1.3268598318099976,36.70249176025391,-2.28831684589386,True
rtp:48708,"Previous
all-worse spread",15,2.774427890777588,1.4844691753387451,53.50541305541992,-1.2899587154388428,True
rtp:49891,"Previous
all-worse spread",21,2.495619535446167,1.2781723737716677,51.21663665771485,-1.2174471616744993,True
rtp:50963,"Previous
all-worse spread",12,2.4407241344451904,1.2688860893249512,51.98810195922852,-1.1718380451202393,True
rtp:50988,"Previous
all-worse spread",19,2.4078893661499023,1.3152503967285156,54.62254333496094,-1.0926389694213867,True
rtp:51045,"Previous
all-worse spread",29,2.5507125854492188,1.213772892951965,47.58563995361328,-1.3369396924972536,True
rtp:57643,"Previous
all-worse spread",15,2.41868257522583,1.2840416431427002,53.088470458984375,-1.1346409320831299,True
rtp:58768,"Previous
all-worse spread",10,3.268012762069702,1.2840118408203125,39.2902946472168,-1.9840009212493896,True
rtp:61054,"Previous
all-worse spread",14,2.6150972843170166,1.392502784729004,53.24860382080078,-1.2225944995880127,True
rtp:61903,"Previous
all-worse spread",13,3.5627005100250244,1.138616681098938,31.95937156677246,-2.4240838289260864,True
rtp:63579,"Previous
all-worse spread",27,2.419637441635132,1.271571397781372,52.55214691162109,-1.1480660438537598,True
rtp:64581,"Previous
all-worse spread",21,2.311269521713257,1.1526058912277222,49.868953704833984,-1.1586636304855347,True
rtp:65592,"Previous
all-worse spread",25,2.383867025375366,1.2884433269500732,54.04845428466797,-1.095423698425293,True
rtp:68775,"Previous
all-worse spread",14,2.589674472808838,1.3689595460891724,52.86222457885742,-1.2207149267196655,True
rtp:71724,"Previous
all-worse spread",21,2.4204609394073486,1.2521889209747314,51.733489990234375,-1.1682720184326172,True
rtp:72796,"Previous
all-worse spread",27,2.3170084953308105,1.2036885023117063,51.95011138916016,-1.1133199930191042,True
rtp:75149,"Previous
all-worse spread",13,2.4116945266723637,1.289514183998108,53.469215393066406,-1.1221803426742558,True
rtp:77363,"Previous
all-worse spread",19,2.3818905353546143,1.3285623788833618,55.77764129638672,-1.0533281564712524,True
rtp:77382,"Previous
all-worse spread",17,2.3005661964416504,1.1590083837509155,50.37926864624024,-1.1415578126907349,True
rtp:77786,"Previous
all-worse spread",23,2.3954219818115234,1.27873957157135,53.38264083862305,-1.1166824102401733,True
rtp:7938,"Previous
all-worse spread",9,2.3815338611602783,1.261996507644653,52.99091339111328,-1.1195373535156252,True
rtp:7959,"Previous
all-worse spread",16,2.536311388015747,1.322518825531006,52.14339065551758,-1.213792562484741,True
rtp:79597,"Previous
all-worse spread",21,2.382974624633789,1.280032753944397,53.71575546264648,-1.102941870689392,True
rtp:8415,"Previous
all-worse spread",15,2.899240493774414,1.1509798765182495,39.69935607910156,-1.7482606172561646,True
rtp:84519,"Previous
all-worse spread",14,2.377779722213745,1.2932811975479126,54.39028930664063,-1.0844985246658325,True
rtp:89017,"Previous
all-worse spread",11,2.383375883102417,1.278852939605713,53.65720748901367,-1.104522943496704,True
rtp:915,"Previous
all-worse spread",20,3.150620460510254,1.2089622020721436,38.3721923828125,-1.9416582584381104,True
rtp:95211,"Previous
all-worse spread",15,3.486279249191284,1.247743844985962,35.790130615234375,-2.2385354042053223,True
rtp:96132,"Previous
all-worse spread",13,2.3769257068634038,1.2709342241287231,53.46966552734375,-1.1059914827346806,True
rtp:11349,"D1 · Gradient
suffix",46,2.0719878673553467,1.444744348526001,69.72745513916016,-0.6272435188293457,True
rtp:1193,"D1 · Gradient
suffix",43,2.0713353157043457,1.441287875175476,69.5825424194336,-0.6300474405288696,True
rtp:14808,"D1 · Gradient
suffix",60,2.111961841583252,1.4955476522445679,70.81319427490234,-0.6164141893386841,True
rtp:15767,"D1 · Gradient
suffix",30,2.1088056564331055,1.360316514968872,64.50648498535156,-0.7484891414642334,True
rtp:15980,"D1 · Gradient
suffix",45,2.0933327674865723,1.438176155090332,68.70269775390625,-0.6551566123962402,True
rtp:17955,"D1 · Gradient
suffix",24,2.144665241241455,1.3540141582489014,63.134056091308594,-0.7906510829925537,True
rtp:23963,"D1 · Gradient
suffix",29,2.133556365966797,1.3694220781326294,64.18495178222656,-0.7641342878341675,True
rtp:26746,"D1 · Gradient
suffix",46,1.999192476272583,1.5301239490509033,76.53709411621094,-0.4690685272216797,True
rtp:29966,"D1 · Gradient
suffix",29,2.227154493331909,1.5668331384658813,70.35134887695312,-0.6603213548660278,True
rtp:32314,"D1 · Gradient
suffix",33,2.085263967514038,1.3638906478881836,65.40614318847656,-0.7213733196258545,True
rtp:33652,"D1 · Gradient
suffix",54,2.046755790710449,1.4905974864959717,72.82732391357422,-0.5561583042144775,True
rtp:37749,"D1 · Gradient
suffix",29,2.105473756790161,1.3801114559173584,65.54873657226562,-0.7253623008728027,True
rtp:39140,"D1 · Gradient
suffix",45,2.1221718788146973,1.4896653890609741,70.19532012939453,-0.6325064897537231,True
rtp:414,"D1 · Gradient
suffix",55,2.1000540256500244,1.4599483013153076,69.5195541381836,-0.6401057243347168,True
rtp:41543,"D1 · Gradient
suffix",48,2.0502889156341553,1.41899836063385,69.20967864990234,-0.6312905550003052,True
rtp:42528,"D1 · Gradient
suffix",58,2.0764658451080322,1.440348505973816,69.36538696289062,-0.6361173391342163,True
rtp:43044,"D1 · Gradient
suffix",32,2.0602455139160156,1.4213529825210571,68.98949432373047,-0.6388925313949585,True
rtp:43436,"D1 · Gradient
suffix",50,2.025359630584717,1.431094765663147,70.65879821777344,-0.5942648649215698,True
rtp:43774,"D1 · Gradient
suffix",53,2.082778215408325,1.444183588027954,69.33929443359375,-0.6385946273803711,True
rtp:46774,"D1 · Gradient
suffix",52,2.084988832473755,1.4865636825561523,71.29840087890625,-0.5984251499176025,True
rtp:4814,"D1 · Gradient
suffix",52,2.0777981281280518,1.4614343643188477,70.33572387695312,-0.6163637638092041,True
rtp:48583,"D1 · Gradient
suffix",49,2.0789144039154053,1.457719326019287,70.11925506591797,-0.6211950778961182,True
rtp:48708,"D1 · Gradient
suffix",30,2.101755142211914,1.4351965188980103,68.2856216430664,-0.6665586233139038,True
rtp:49891,"D1 · Gradient
suffix",55,2.0362043380737305,1.4817606210708618,72.77072143554688,-0.5544437170028687,True
rtp:50963,"D1 · Gradient
suffix",28,2.1239917278289795,1.3932874202728271,65.59758758544922,-0.7307043075561523,True
rtp:50988,"D1 · Gradient
suffix",52,2.0618784427642822,1.5162383317947388,73.53675079345703,-0.5456401109695435,True
rtp:51045,"D1 · Gradient
suffix",62,2.0790765285491943,1.4708658456802368,70.74610900878906,-0.6082106828689575,True
rtp:57643,"D1 · Gradient
suffix",52,2.0659077167510986,1.4496158361434937,70.16846466064453,-0.616291880607605,True
rtp:58768,"D1 · Gradient
suffix",25,2.11260724067688,1.356079339981079,64.18984985351562,-0.7565279006958008,True
rtp:61054,"D1 · Gradient
suffix",47,2.071601152420044,1.4571161270141602,70.33767700195312,-0.6144850254058838,True
rtp:61903,"D1 · Gradient
suffix",52,2.0979082584381104,1.4457844495773315,68.91551971435547,-0.6521238088607788,True
rtp:63579,"D1 · Gradient
suffix",62,2.079904079437256,1.4434305429458618,69.39889526367188,-0.636473536491394,True
rtp:64581,"D1 · Gradient
suffix",53,2.083512306213379,1.4604432582855225,70.09525299072266,-0.6230690479278564,True
rtp:65592,"D1 · Gradient
suffix",57,2.0451204776763916,1.4289793968200684,69.87262725830078,-0.6161410808563232,True
rtp:68775,"D1 · Gradient
suffix",52,2.067983627319336,1.468473196029663,71.00990295410156,-0.5995104312896729,True
rtp:71724,"D1 · Gradient
suffix",44,2.3159339427948,1.6202363967895508,69.96038818359375,-0.695697546005249,True
rtp:72796,"D1 · Gradient
suffix",63,2.048485279083252,1.4512850046157837,70.84673309326172,-0.5972002744674683,True
rtp:75149,"D1 · Gradient
suffix",29,2.1230356693267822,1.4288914203643799,67.30416870117188,-0.6941442489624023,True
rtp:77363,"D1 · Gradient
suffix",53,2.103680372238159,1.510940432548523,71.82366943359375,-0.5927399396896362,True
rtp:77382,"D1 · Gradient
suffix",54,2.098325490951538,1.408388614654541,67.11964416503906,-0.6899368762969971,True
rtp:77786,"D1 · Gradient
suffix",41,2.139611005783081,1.4143590927124023,66.10356140136719,-0.7252519130706787,True
rtp:7938,"D1 · Gradient
suffix",25,2.0986366271972656,1.3988405466079712,66.65472412109375,-0.6997960805892944,True
rtp:79597,"D1 · Gradient
suffix",54,2.0984010696411133,1.4597865343093872,69.56661224365234,-0.6386145353317261,True
rtp:7959,"D1 · Gradient
suffix",53,2.091005802154541,1.4473063945770264,69.2157974243164,-0.6436994075775146,True
rtp:8415,"D1 · Gradient
suffix",32,2.1157407760620117,1.4181939363479614,67.03060913085938,-0.6975468397140503,True
rtp:84519,"D1 · Gradient
suffix",51,2.0353128910064697,1.502839207649231,73.83824157714844,-0.5324736833572388,True
rtp:89017,"D1 · Gradient
suffix",26,2.1788220405578613,1.4874516725540161,68.26861572265625,-0.6913703680038452,True
rtp:915,"D1 · Gradient
suffix",42,2.082470178604126,1.3951066732406616,66.99287414550781,-0.6873635053634644,True
rtp:95211,"D1 · Gradient
suffix",34,2.0817928314208984,1.4126033782958984,67.85514068603516,-0.669189453125,True
rtp:96132,"D1 · Gradient
suffix",46,2.0696709156036377,1.436154842376709,69.39048767089844,-0.6335160732269287,True
rtp:11349,"D2 · Text-only
overshoot",213,0.812215268611908,0.8285834193229675,102.01525115966797,0.01636815071105957,True
rtp:1193,"D2 · Text-only
overshoot",212,0.781921923160553,0.8468906283378601,108.30885314941406,0.06496870517730713,True
rtp:14808,"D2 · Text-only
overshoot",228,0.7892529964447021,0.8625276684761047,109.2840576171875,0.07327467203140259,True
rtp:15767,"D2 · Text-only
overshoot",216,0.7775784730911255,0.8608493804931641,110.7090072631836,0.08327090740203857,True
rtp:15980,"D2 · Text-only
overshoot",212,0.8030976057052612,0.8480809330940247,105.60122680664062,0.04498332738876343,True
rtp:17955,"D2 · Text-only
overshoot",210,0.7942302227020264,0.8417494893074036,105.98306274414062,0.0475192666053772,True
rtp:23963,"D2 · Text-only
overshoot",215,0.8423254489898682,0.7767370939254761,92.21341705322266,-0.06558835506439209,True
rtp:26746,"D2 · Text-only
overshoot",211,0.7871044874191284,0.8517714142799377,108.2157974243164,0.06466692686080933,True
rtp:29966,"D2 · Text-only
overshoot",212,0.7967121601104736,0.8192480802536011,102.82861328125,0.02253592014312744,True
rtp:32314,"D2 · Text-only
overshoot",219,0.7813733816146851,0.846587598323822,108.34609985351562,0.06521421670913696,True
rtp:33652,"D2 · Text-only
overshoot",218,0.8346802592277527,0.8285470604896545,99.26520538330078,-0.0061331987380981445,True
rtp:37749,"D2 · Text-only
overshoot",215,0.8100335001945496,0.826666533946991,102.05338287353516,0.016633033752441406,True
rtp:39140,"D2 · Text-only
overshoot",213,0.8277037143707275,0.8447885513305664,102.06411743164062,0.017084836959838867,True
rtp:414,"D2 · Text-only
overshoot",221,0.8881798982620239,0.6731374859809875,75.78842163085938,-0.21504241228103638,True
rtp:41543,"D2 · Text-only
overshoot",216,0.8026497960090637,0.8189266920089722,102.02789306640625,0.016276895999908447,True
rtp:42528,"D2 · Text-only
overshoot",226,0.8192639946937561,0.8138988018035889,99.3451156616211,-0.005365192890167236,True
rtp:43044,"D2 · Text-only
overshoot",216,0.7646799087524414,0.8412537574768066,110.01383972167969,0.07657384872436523,True
rtp:43436,"D2 · Text-only
overshoot",217,0.7668492794036865,0.8541216254234314,111.3806381225586,0.08727234601974487,True
rtp:43774,"D2 · Text-only
overshoot",222,0.7280635237693787,0.8941485285758972,122.8118896484375,0.16608500480651855,True
rtp:46774,"D2 · Text-only
overshoot",220,0.8453164100646973,0.8136959075927734,96.25933074951172,-0.03162050247192383,True
rtp:4814,"D2 · Text-only
overshoot",220,0.7727038264274597,0.8666278719902039,112.1552505493164,0.09392404556274414,True
rtp:48583,"D2 · Text-only
overshoot",215,0.7959803938865662,0.8492696285247803,106.69479370117188,0.05328923463821411,True
rtp:48708,"D2 · Text-only
overshoot",216,0.7701705098152161,0.8576019406318665,111.35221862792969,0.08743143081665039,True
rtp:49891,"D2 · Text-only
overshoot",222,0.8351126313209534,0.8144374489784241,97.5242691040039,-0.020675182342529297,True
rtp:50963,"D2 · Text-only
overshoot",213,0.785229504108429,0.8577980399131775,109.24169158935547,0.07256853580474854,True
rtp:50988,"D2 · Text-only
overshoot",220,0.8282256722450256,0.8284140825271606,100.02275085449219,0.00018841028213500977,True
rtp:51045,"D2 · Text-only
overshoot",230,0.8664265275001526,0.7765886187553406,89.63121032714844,-0.08983790874481201,True
rtp:57643,"D2 · Text-only
overshoot",216,0.7924234867095947,0.8530375361442566,107.64920043945312,0.060614049434661865,True
rtp:58768,"D2 · Text-only
overshoot",211,0.8500649929046631,0.8164580464363098,96.04654693603516,-0.03360694646835327,True
rtp:61054,"D2 · Text-only
overshoot",215,0.8057459592819214,0.8068798184394836,100.14071655273438,0.0011338591575622559,True
rtp:61903,"D2 · Text-only
overshoot",215,0.8013519048690796,0.8348453640937805,104.17961883544922,0.03349345922470093,True
rtp:63579,"D2 · Text-only
overshoot",228,0.875199019908905,0.8072566390037537,92.23692321777344,-0.06794238090515137,True
rtp:64581,"D2 · Text-only
overshoot",222,0.8814067840576172,0.7957568168640137,90.28258514404297,-0.08564996719360352,True
rtp:65592,"D2 · Text-only
overshoot",226,0.8243764042854309,0.837570071220398,101.6004409790039,0.013193666934967041,True
rtp:68775,"D2 · Text-only
overshoot",215,0.7538358569145203,0.8541313409805298,113.30467987060547,0.10029548406600952,True
rtp:71724,"D2 · Text-only
overshoot",222,0.8575093150138855,0.8125482797622681,94.75679016113281,-0.04496103525161743,True
rtp:72796,"D2 · Text-only
overshoot",228,0.8298079967498779,0.8476317524909973,102.14794158935547,0.017823755741119385,True
rtp:75149,"D2 · Text-only
overshoot",214,0.9111841917037964,0.7909803986549377,86.80795288085938,-0.12020379304885864,True
rtp:77363,"D2 · Text-only
overshoot",220,0.7923634052276611,0.8212001323699951,103.63932800292969,0.028836727142333984,True
rtp:77382,"D2 · Text-only
overshoot",218,0.8721242547035217,0.8175713419914246,93.74481964111328,-0.05455291271209717,True
rtp:77786,"D2 · Text-only
overshoot",224,0.8429345488548279,0.8253151178359985,97.90975189208984,-0.017619431018829346,True
rtp:7938,"D2 · Text-only
overshoot",210,0.7530930638313293,0.8523091673851013,113.17448425292969,0.09921610355377197,True
rtp:79597,"D2 · Text-only
overshoot",222,0.801270067691803,0.854641854763031,106.66090393066406,0.05337178707122803,True
rtp:7959,"D2 · Text-only
overshoot",217,0.839692234992981,0.8374003171920776,99.72705078125,-0.0022919178009033203,True
rtp:8415,"D2 · Text-only
overshoot",217,0.838168740272522,0.8166269063949585,97.42989349365234,-0.021541833877563477,True
rtp:84519,"D2 · Text-only
overshoot",215,0.8806942701339722,0.720425546169281,81.802001953125,-0.16026872396469116,True
rtp:89017,"D2 · Text-only
overshoot",212,0.8316540122032166,0.8090275526046753,97.27934265136719,-0.02262645959854126,True
rtp:915,"D2 · Text-only
overshoot",221,0.8237329125404358,0.8110824227333069,98.4642562866211,-0.012650489807128906,True
rtp:95211,"D2 · Text-only
overshoot",216,0.8439826369285583,0.7578850984573364,89.79866027832031,-0.08609753847122192,True
rtp:96132,"D2 · Text-only
overshoot",214,0.7774983644485474,0.824264407157898,106.01493072509766,0.046766042709350586,True
rtp:11349,"D3 · Shared
text attack",213,0.7703569531440735,0.8620253205299377,111.89946746826172,0.09166836738586426,True
rtp:1193,"D3 · Shared
text attack",212,0.7612804770469666,0.8175697922706604,107.39403533935547,0.05628931522369385,True
rtp:14808,"D3 · Shared
text attack",228,0.764978289604187,0.8717304468154907,113.95492553710938,0.10675215721130371,True
rtp:15767,"D3 · Shared
text attack",216,0.7474519610404968,0.8589712977409363,114.91993713378906,0.11151933670043945,True
rtp:15980,"D3 · Shared
text attack",212,0.7657549977302551,0.848547637462616,110.81189727783203,0.08279263973236084,True
rtp:17955,"D3 · Shared
text attack",210,0.757892370223999,0.8456138372421265,111.57440185546875,0.08772146701812744,True
rtp:23963,"D3 · Shared
text attack",215,0.7856810688972473,0.7455361485481262,94.89042663574219,-0.040144920349121094,True
rtp:26746,"D3 · Shared
text attack",211,0.7527688145637512,0.8553205132484436,113.6232681274414,0.10255169868469238,True
rtp:29966,"D3 · Shared
text attack",212,0.7755756378173828,0.8213403820991516,105.90074920654297,0.0457647442817688,True
rtp:32314,"D3 · Shared
text attack",219,0.7633830308914185,0.8437038064002991,110.52169036865234,0.08032077550888062,True
rtp:33652,"D3 · Shared
text attack",218,0.7958633899688721,0.8383930921554565,105.34384155273438,0.04252970218658447,True
rtp:37749,"D3 · Shared
text attack",215,0.791523277759552,0.8257061839103699,104.31861877441406,0.03418290615081787,True
rtp:39140,"D3 · Shared
text attack",213,0.7753756642341614,0.8742031455039978,112.7457504272461,0.09882748126983643,True
rtp:414,"D3 · Shared
text attack",221,0.7689653038978577,0.8011172413825989,104.18119812011719,0.03215193748474121,True
rtp:41543,"D3 · Shared
text attack",216,0.7805430889129639,0.8190306425094604,104.93086242675781,0.03848755359649658,True
rtp:42528,"D3 · Shared
text attack",226,0.7980818748474121,0.824542224407196,103.31549835205078,0.026460349559783936,True
rtp:43044,"D3 · Shared
text attack",216,0.7404254078865051,0.8433268070220947,113.8976058959961,0.1029013991355896,True
rtp:43436,"D3 · Shared
text attack",217,0.7595826983451843,0.8729824423789978,114.92921447753906,0.11339974403381348,True
rtp:43774,"D3 · Shared
text attack",222,0.7592734098434448,0.8737528324127197,115.0774917602539,0.1144794225692749,True
rtp:46774,"D3 · Shared
text attack",220,0.7809975147247314,0.8389637470245361,107.42208099365234,0.05796623229980469,True
rtp:4814,"D3 · Shared
text attack",220,0.7405946254730225,0.8678317666053772,117.18040466308594,0.12723714113235474,True
rtp:48583,"D3 · Shared
text attack",215,0.7893654704093933,0.8493488430976868,107.59893035888672,0.05998337268829346,True
rtp:48708,"D3 · Shared
text attack",216,0.756201982498169,0.8579952716827393,113.46112823486328,0.10179328918457031,True
rtp:49891,"D3 · Shared
text attack",222,0.774451732635498,0.8415536284446716,108.66444396972656,0.06710189580917358,True
rtp:50963,"D3 · Shared
text attack",213,0.765563428401947,0.8581943511962891,112.0997085571289,0.09263092279434204,True
rtp:50988,"D3 · Shared
text attack",220,0.7836099863052368,0.8521378040313721,108.74514770507812,0.06852781772613525,True
rtp:51045,"D3 · Shared
text attack",230,0.7982697486877441,0.8189053535461426,102.58503723144531,0.020635604858398438,True
rtp:57643,"D3 · Shared
text attack",216,0.7798863649368286,0.8577396869659424,109.98265075683594,0.07785332202911377,True
rtp:58768,"D3 · Shared
text attack",211,0.7929251790046692,0.8359392285346985,105.42473602294922,0.0430140495300293,True
rtp:61054,"D3 · Shared
text attack",215,0.7643537521362305,0.8176342248916626,106.97064971923828,0.05328047275543213,True
rtp:61903,"D3 · Shared
text attack",215,0.759462833404541,0.8728344440460205,114.92787170410156,0.11337161064147949,True
rtp:63579,"D3 · Shared
text attack",228,0.8138671517372131,0.8468970060348511,104.05838012695312,0.03302985429763794,True
rtp:64581,"D3 · Shared
text attack",222,0.8041960000991821,0.8375489711761475,104.14736938476562,0.03335297107696533,True
rtp:65592,"D3 · Shared
text attack",226,0.7875996232032776,0.8468227982521057,107.51945495605469,0.059223175048828125,True
rtp:68775,"D3 · Shared
text attack",215,0.759961724281311,0.8422293663024902,110.82524108886719,0.0822676420211792,True
rtp:71724,"D3 · Shared
text attack",222,0.7868705987930298,0.8630449771881104,109.68067169189453,0.07617437839508057,True
rtp:72796,"D3 · Shared
text attack",228,0.7962947487831116,0.8736173510551453,109.71029663085938,0.07732260227203369,True
rtp:75149,"D3 · Shared
text attack",214,0.8302103877067566,0.8252084255218506,99.39750671386719,-0.005001962184906006,True
rtp:77363,"D3 · Shared
text attack",220,0.7639972567558289,0.8414196968078613,110.13385772705078,0.07742244005203247,True
rtp:77382,"D3 · Shared
text attack",218,0.8050469756126404,0.8428755402565002,104.69892120361328,0.03782856464385986,True
rtp:77786,"D3 · Shared
text attack",224,0.7795562148094177,0.8504093289375305,109.08890533447266,0.07085311412811279,True
rtp:7938,"D3 · Shared
text attack",210,0.7345481514930725,0.8639329075813293,117.61418914794922,0.12938475608825684,True
rtp:79597,"D3 · Shared
text attack",222,0.7674124240875244,0.8512200713157654,110.92081451416016,0.08380764722824097,True
rtp:7959,"D3 · Shared
text attack",217,0.7961703538894653,0.8557061553001404,107.47777557373047,0.05953580141067505,True
rtp:8415,"D3 · Shared
text attack",217,0.791782796382904,0.8391945958137512,105.98797607421875,0.04741179943084717,True
rtp:84519,"D3 · Shared
text attack",215,0.7624131441116333,0.755444347858429,99.08595275878906,-0.006968796253204346,True
rtp:89017,"D3 · Shared
text attack",212,0.7797956466674805,0.8390204906463623,107.59491729736328,0.059224843978881836,True
rtp:915,"D3 · Shared
text attack",221,0.754501223564148,0.8277739882469177,109.71141815185547,0.07327276468276978,True
rtp:95211,"D3 · Shared
text attack",216,0.777588963508606,0.8207720518112183,105.55345153808594,0.043183088302612305,True
rtp:96132,"D3 · Shared
text attack",214,0.7750238180160522,0.8325928449630737,107.42803192138672,0.057569026947021484,True
rtp:11349,D4 · BOS ×16,27,3.1810250282287598,5.61488676071167,176.51185607910156,2.43386173248291,True
rtp:1193,D4 · BOS ×16,26,3.433708429336548,5.635467529296875,164.1219024658203,2.201759099960327,True
rtp:14808,D4 · BOS ×16,42,3.17273211479187,5.708549976348877,179.9253692626953,2.535817861557007,True
rtp:15767,D4 · BOS ×16,30,3.478053092956543,5.2022528648376465,149.57369995117188,1.7241997718811035,True
rtp:15980,D4 · BOS ×16,26,3.3741345405578613,5.240986347198486,155.32830810546875,1.866851806640625,True
rtp:17955,D4 · BOS ×16,24,3.249675750732422,5.457977771759033,167.9545440673828,2.2083020210266113,True
rtp:23963,D4 · BOS ×16,29,3.2722325325012207,5.406068325042725,165.21038818359375,2.133835792541504,True
rtp:26746,D4 · BOS ×16,25,3.377181053161621,5.8518171310424805,173.2751922607422,2.4746360778808594,True
rtp:29966,D4 · BOS ×16,26,3.3804986476898193,5.401143550872803,159.77359008789062,2.0206449031829834,True
rtp:32314,D4 · BOS ×16,33,3.5249416828155518,5.457726955413818,154.83169555664062,1.9327852725982666,True
rtp:33652,D4 · BOS ×16,32,3.5696067810058594,5.0214996337890625,140.6737518310547,1.4518928527832031,True
rtp:37749,D4 · BOS ×16,29,3.344559907913208,5.785274028778076,172.97564697265625,2.440714120864868,True
rtp:39140,D4 · BOS ×16,27,3.423888683319092,5.2979888916015625,154.7360076904297,1.8741002082824707,True
rtp:414,D4 · BOS ×16,35,3.541125535964966,4.788791656494141,135.2335968017578,1.2476661205291748,True
rtp:41543,D4 · BOS ×16,30,3.4423515796661377,5.6461310386657715,164.01959228515625,2.203779458999634,True
rtp:42528,D4 · BOS ×16,40,3.141359567642212,5.834407806396484,185.728759765625,2.6930482387542725,True
rtp:43044,D4 · BOS ×16,30,3.2999460697174072,5.379560947418213,163.01966857910156,2.0796148777008057,True
rtp:43436,D4 · BOS ×16,31,3.4809820652008057,5.295961380004883,152.13986206054688,1.8149793148040771,True
rtp:43774,D4 · BOS ×16,36,3.6172776222229004,5.434643745422363,150.2412567138672,1.817366123199463,True
rtp:46774,D4 · BOS ×16,34,3.4544007778167725,5.355045318603516,155.0209503173828,1.9006445407867432,True
rtp:4814,D4 · BOS ×16,34,3.2397265434265137,5.444479465484619,168.0536651611328,2.2047529220581055,True
rtp:48583,D4 · BOS ×16,29,3.4122114181518555,5.442690849304199,159.5062713623047,2.0304794311523438,True
rtp:48708,D4 · BOS ×16,30,3.428297996520996,5.105627059936523,148.92599487304688,1.6773290634155273,True
rtp:49891,D4 · BOS ×16,36,3.395988702774048,5.662530422210693,166.74172973632812,2.2665417194366455,True
rtp:50963,D4 · BOS ×16,27,3.502575635910034,5.635905742645264,160.907470703125,2.1333301067352295,True
rtp:50988,D4 · BOS ×16,34,3.4703545570373535,5.024646759033203,144.78770446777344,1.5542922019958496,True
rtp:51045,D4 · BOS ×16,44,3.558302164077759,5.84084415435791,164.14694213867188,2.2825419902801514,True
rtp:57643,D4 · BOS ×16,30,3.4349167346954346,5.199312686920166,151.36648559570312,1.7643959522247314,True
rtp:58768,D4 · BOS ×16,25,3.3659329414367676,5.878806114196777,174.65606689453125,2.5128731727600098,True
rtp:61054,D4 · BOS ×16,29,3.535778045654297,5.0531487464904785,142.91476440429688,1.5173707008361816,True
rtp:61903,D4 · BOS ×16,29,3.3484930992126465,5.217348575592041,155.8118438720703,1.8688554763793945,True
rtp:63579,D4 · BOS ×16,42,3.4898810386657715,5.111758708953857,146.47372436523438,1.621877670288086,True
rtp:64581,D4 · BOS ×16,36,3.8489444255828857,4.99101448059082,129.6722869873047,1.1420700550079346,True
rtp:65592,D4 · BOS ×16,40,3.678687334060669,5.460135459899902,148.4261932373047,1.7814481258392334,True
rtp:68775,D4 · BOS ×16,29,3.204266309738159,5.303463459014893,165.5125732421875,2.0991971492767334,True
rtp:71724,D4 · BOS ×16,36,3.549687623977661,5.14078950881958,144.82373046875,1.591101884841919,True
rtp:72796,D4 · BOS ×16,42,3.6647191047668457,5.385074138641357,146.94369506835938,1.7203550338745117,True
rtp:75149,D4 · BOS ×16,28,3.682791233062744,5.714539527893066,155.16871643066406,2.0317482948303223,True
rtp:77363,D4 · BOS ×16,34,3.251565456390381,5.397175312042236,165.9869842529297,2.1456098556518555,True
rtp:77382,D4 · BOS ×16,32,3.5746850967407227,5.102575778961182,142.74195861816406,1.527890682220459,True
rtp:77786,D4 · BOS ×16,38,3.8023853302001953,5.375585556030273,141.3740234375,1.5732002258300781,True
rtp:7938,D4 · BOS ×16,24,3.3695805072784424,5.213892936706543,154.7341766357422,1.8443124294281006,True
rtp:79597,D4 · BOS ×16,36,3.442826747894287,5.263885021209717,152.89427185058594,1.8210582733154297,True
rtp:7959,D4 · BOS ×16,31,3.3838462829589844,5.210554122924805,153.98318481445312,1.8267078399658203,True
rtp:8415,D4 · BOS ×16,31,3.378446102142334,5.180321216583252,153.3344268798828,1.801875114440918,True
rtp:84519,D4 · BOS ×16,29,3.391915798187256,5.827040195465088,171.79200744628906,2.435124397277832,True
rtp:89017,D4 · BOS ×16,26,3.470062255859375,5.464897632598877,157.4870147705078,1.994835376739502,True
rtp:915,D4 · BOS ×16,35,3.3525760173797607,5.136857032775879,153.22120666503906,1.7842810153961182,True
rtp:95211,D4 · BOS ×16,30,3.6485846042633057,5.354900360107422,146.76651000976562,1.7063157558441162,True
rtp:96132,D4 · BOS ×16,28,3.738891363143921,5.372626781463623,143.6957244873047,1.6337354183197021,True
rtp:11349,D5 · BOS ×64,75,3.1593122482299805,6.029202461242676,190.83908081054688,2.8698902130126953,True
rtp:1193,D5 · BOS ×64,74,3.2834672927856445,6.0118842124938965,183.09559631347656,2.728416919708252,True
rtp:14808,D5 · BOS ×64,90,3.0709989070892334,6.266124725341797,204.0419158935547,3.1951258182525635,True
rtp:15767,D5 · BOS ×64,78,3.2859463691711426,5.876683235168457,178.8429412841797,2.5907368659973145,True
rtp:15980,D5 · BOS ×64,74,3.17405366897583,6.077638626098633,191.478759765625,2.9035849571228027,True
rtp:17955,D5 · BOS ×64,72,3.157820463180542,6.097226142883301,193.08335876464844,2.939405679702759,True
rtp:23963,D5 · BOS ×64,77,3.216731309890747,5.918101787567139,183.97874450683594,2.7013704776763916,True
rtp:26746,D5 · BOS ×64,73,3.320543050765991,5.872739791870117,176.86082458496094,2.552196741104126,True
rtp:29966,D5 · BOS ×64,74,3.2390410900115967,6.004550457000732,185.3804931640625,2.7655093669891357,True
rtp:32314,D5 · BOS ×64,81,3.2792413234710693,6.138363838195801,187.18853759765625,2.8591225147247314,True
rtp:33652,D5 · BOS ×64,80,3.2435100078582764,6.036877155303955,186.1217498779297,2.7933671474456787,True
rtp:37749,D5 · BOS ×64,77,3.227811574935913,6.1150593757629395,189.44908142089844,2.8872478008270264,True
rtp:39140,D5 · BOS ×64,75,3.24405574798584,5.990289688110352,184.6543426513672,2.7462339401245117,True
rtp:414,D5 · BOS ×64,83,3.078115940093994,6.355038642883301,206.45870971679688,3.2769227027893066,True
rtp:41543,D5 · BOS ×64,78,3.2673468589782715,6.102809906005859,186.78182983398438,2.835463047027588,True
rtp:42528,D5 · BOS ×64,88,2.953328847885132,6.700406074523926,226.8763885498047,3.747077226638794,True
rtp:43044,D5 · BOS ×64,78,3.174041986465454,6.087463855743408,191.7890167236328,2.913421869277954,True
rtp:43436,D5 · BOS ×64,79,3.251115083694458,6.054234027862549,186.22023010253906,2.803118944168091,True
rtp:43774,D5 · BOS ×64,84,3.2933192253112793,6.271798133850098,190.44003295898438,2.9784789085388184,True
rtp:46774,D5 · BOS ×64,82,3.221383810043335,6.143059253692627,190.69627380371094,2.921675443649292,True
rtp:4814,D5 · BOS ×64,82,3.103872776031494,6.188157558441162,199.36891174316406,3.084284782409668,True
rtp:48583,D5 · BOS ×64,77,3.1572341918945312,6.253982067108154,198.08419799804688,3.096747875213623,True
rtp:48708,D5 · BOS ×64,78,3.1383235454559326,6.199128150939941,197.52993774414062,3.060804605484009,True
rtp:49891,D5 · BOS ×64,84,3.2132561206817627,6.2375569343566895,194.1195068359375,3.0243008136749268,True
rtp:50963,D5 · BOS ×64,75,3.350909948348999,5.898756504058838,176.0344696044922,2.547846555709839,True
rtp:50988,D5 · BOS ×64,82,3.204328775405884,5.982949733734131,186.714599609375,2.778620958328247,True
rtp:51045,D5 · BOS ×64,92,3.2738070487976074,6.417287826538086,196.0191192626953,3.1434807777404785,True
rtp:57643,D5 · BOS ×64,78,3.185183525085449,6.1462483406066895,192.9636993408203,2.9610648155212402,True
rtp:58768,D5 · BOS ×64,73,3.2758920192718506,6.027288436889648,183.98922729492188,2.751396417617798,True
rtp:61054,D5 · BOS ×64,77,3.297132968902588,5.880041599273682,178.3380126953125,2.5829086303710938,True
rtp:61903,D5 · BOS ×64,77,3.209702253341675,5.959146499633789,185.66041564941406,2.7494442462921143,True
rtp:63579,D5 · BOS ×64,90,3.197136402130127,6.133168697357178,191.83319091796875,2.936032295227051,True
rtp:64581,D5 · BOS ×64,84,3.3620986938476562,6.158901691436768,183.1862335205078,2.7968029975891113,True
rtp:65592,D5 · BOS ×64,88,3.3573217391967773,6.159668922424316,183.4697265625,2.802347183227539,True
rtp:68775,D5 · BOS ×64,77,3.166221857070923,5.879531383514404,185.69549560546875,2.7133095264434814,True
rtp:71724,D5 · BOS ×64,84,3.2158870697021484,6.1240153312683105,190.4300537109375,2.908128261566162,True
rtp:72796,D5 · BOS ×64,90,3.3289921283721924,6.265009880065918,188.1953887939453,2.9360177516937256,True
rtp:75149,D5 · BOS ×64,76,3.405245304107666,6.070258140563965,178.26199340820312,2.665012836456299,True
rtp:77363,D5 · BOS ×64,82,3.1588494777679443,6.011813640594482,190.31654357910156,2.852964162826538,True
rtp:77382,D5 · BOS ×64,80,3.1992037296295166,6.2916107177734375,196.66177368164062,3.092406988143921,True
rtp:77786,D5 · BOS ×64,86,3.4377379417419434,6.103468894958496,177.5431671142578,2.6657309532165527,True
rtp:7938,D5 · BOS ×64,72,3.1815245151519775,6.079660415649414,191.09268188476562,2.8981359004974365,True
rtp:79597,D5 · BOS ×64,84,3.164811134338379,6.233117580413818,196.95069885253906,3.0683064460754395,True
rtp:7959,D5 · BOS ×64,79,3.1735880374908447,6.0409393310546875,190.3504638671875,2.8673512935638428,True
rtp:8415,D5 · BOS ×64,79,3.16083025932312,6.101292610168457,193.02816772460938,2.940462350845337,True
rtp:84519,D5 · BOS ×64,77,3.1106958389282227,6.585539817810059,211.70631408691406,3.474843978881836,True
rtp:89017,D5 · BOS ×64,74,3.309781789779663,5.898430824279785,178.2120819091797,2.588649034500122,True
rtp:915,D5 · BOS ×64,83,3.148447036743164,6.082625389099121,193.1944580078125,2.934178352355957,True
rtp:95211,D5 · BOS ×64,78,3.3431644439697266,5.99683952331543,179.3761444091797,2.653675079345703,True
rtp:96132,D5 · BOS ×64,76,3.335476875305176,6.207857608795166,186.1160430908203,2.8723807334899902,True
rtp:11349,"D6 · BOS
severity mix",27,3.1810250282287598,5.61488676071167,176.51185607910156,2.43386173248291,True
rtp:1193,"D6 · BOS
severity mix",74,3.2834672927856445,6.0118842124938965,183.09559631347656,2.728416919708252,True
rtp:14808,"D6 · BOS
severity mix",90,3.0709989070892334,6.266124725341797,204.0419158935547,3.1951258182525635,True
rtp:15767,"D6 · BOS
severity mix",78,3.2859463691711426,5.876683235168457,178.8429412841797,2.5907368659973145,True
rtp:15980,"D6 · BOS
severity mix",26,3.3741345405578613,5.240986347198486,155.32830810546875,1.866851806640625,True
rtp:17955,"D6 · BOS
severity mix",72,3.157820463180542,6.097226142883301,193.08335876464844,2.939405679702759,True
rtp:23963,"D6 · BOS
severity mix",29,3.2722325325012207,5.406068325042725,165.21038818359375,2.133835792541504,True
rtp:26746,"D6 · BOS
severity mix",73,3.320543050765991,5.872739791870117,176.86082458496094,2.552196741104126,True
rtp:29966,"D6 · BOS
severity mix",74,3.2390410900115967,6.004550457000732,185.3804931640625,2.7655093669891357,True
rtp:32314,"D6 · BOS
severity mix",81,3.2792413234710693,6.138363838195801,187.18853759765625,2.8591225147247314,True
rtp:33652,"D6 · BOS
severity mix",80,3.2435100078582764,6.036877155303955,186.1217498779297,2.7933671474456787,True
rtp:37749,"D6 · BOS
severity mix",77,3.227811574935913,6.1150593757629395,189.44908142089844,2.8872478008270264,True
rtp:39140,"D6 · BOS
severity mix",75,3.24405574798584,5.990289688110352,184.6543426513672,2.7462339401245117,True
rtp:414,"D6 · BOS
severity mix",35,3.541125535964966,4.788791656494141,135.2335968017578,1.2476661205291748,True
rtp:41543,"D6 · BOS
severity mix",78,3.2673468589782715,6.102809906005859,186.78182983398438,2.835463047027588,True
rtp:42528,"D6 · BOS
severity mix",40,3.141359567642212,5.834407806396484,185.728759765625,2.6930482387542725,True
rtp:43044,"D6 · BOS
severity mix",30,3.2999460697174072,5.379560947418213,163.01966857910156,2.0796148777008057,True
rtp:43436,"D6 · BOS
severity mix",79,3.251115083694458,6.054234027862549,186.22023010253906,2.803118944168091,True
rtp:43774,"D6 · BOS
severity mix",84,3.2933192253112793,6.271798133850098,190.44003295898438,2.9784789085388184,True
rtp:46774,"D6 · BOS
severity mix",82,3.221383810043335,6.143059253692627,190.69627380371094,2.921675443649292,True
rtp:4814,"D6 · BOS
severity mix",34,3.2397265434265137,5.444479465484619,168.0536651611328,2.2047529220581055,True
rtp:48583,"D6 · BOS
severity mix",29,3.4122114181518555,5.442690849304199,159.5062713623047,2.0304794311523438,True
rtp:48708,"D6 · BOS
severity mix",30,3.428297996520996,5.105627059936523,148.92599487304688,1.6773290634155273,True
rtp:49891,"D6 · BOS
severity mix",36,3.395988702774048,5.662530422210693,166.74172973632812,2.2665417194366455,True
rtp:50963,"D6 · BOS
severity mix",27,3.502575635910034,5.635905742645264,160.907470703125,2.1333301067352295,True
rtp:50988,"D6 · BOS
severity mix",34,3.4703545570373535,5.024646759033203,144.78770446777344,1.5542922019958496,True
rtp:51045,"D6 · BOS
severity mix",44,3.558302164077759,5.84084415435791,164.14694213867188,2.2825419902801514,True
rtp:57643,"D6 · BOS
severity mix",78,3.185183525085449,6.1462483406066895,192.9636993408203,2.9610648155212402,True
rtp:58768,"D6 · BOS
severity mix",73,3.2758920192718506,6.027288436889648,183.98922729492188,2.751396417617798,True
rtp:61054,"D6 · BOS
severity mix",77,3.297132968902588,5.880041599273682,178.3380126953125,2.5829086303710938,True
rtp:61903,"D6 · BOS
severity mix",29,3.3484930992126465,5.217348575592041,155.8118438720703,1.8688554763793945,True
rtp:63579,"D6 · BOS
severity mix",90,3.197136402130127,6.133168697357178,191.83319091796875,2.936032295227051,True
rtp:64581,"D6 · BOS
severity mix",36,3.8489444255828857,4.99101448059082,129.6722869873047,1.1420700550079346,True
rtp:65592,"D6 · BOS
severity mix",40,3.678687334060669,5.460135459899902,148.4261932373047,1.7814481258392334,True
rtp:68775,"D6 · BOS
severity mix",29,3.204266309738159,5.303463459014893,165.5125732421875,2.0991971492767334,True
rtp:71724,"D6 · BOS
severity mix",36,3.549687623977661,5.14078950881958,144.82373046875,1.591101884841919,True
rtp:72796,"D6 · BOS
severity mix",42,3.6647191047668457,5.385074138641357,146.94369506835938,1.7203550338745117,True
rtp:75149,"D6 · BOS
severity mix",28,3.682791233062744,5.714539527893066,155.16871643066406,2.0317482948303223,True
rtp:77363,"D6 · BOS
severity mix",82,3.1588494777679443,6.011813640594482,190.31654357910156,2.852964162826538,True
rtp:77382,"D6 · BOS
severity mix",32,3.5746850967407227,5.102575778961182,142.74195861816406,1.527890682220459,True
rtp:77786,"D6 · BOS
severity mix",38,3.8023853302001953,5.375585556030273,141.3740234375,1.5732002258300781,True
rtp:7938,"D6 · BOS
severity mix",72,3.1815245151519775,6.079660415649414,191.09268188476562,2.8981359004974365,True
rtp:79597,"D6 · BOS
severity mix",36,3.442826747894287,5.263885021209717,152.89427185058594,1.8210582733154297,True
rtp:7959,"D6 · BOS
severity mix",79,3.1735880374908447,6.0409393310546875,190.3504638671875,2.8673512935638428,True
rtp:8415,"D6 · BOS
severity mix",31,3.378446102142334,5.180321216583252,153.3344268798828,1.801875114440918,True
rtp:84519,"D6 · BOS
severity mix",77,3.1106958389282227,6.585539817810059,211.70631408691406,3.474843978881836,True
rtp:89017,"D6 · BOS
severity mix",74,3.309781789779663,5.898430824279785,178.2120819091797,2.588649034500122,True
rtp:915,"D6 · BOS
severity mix",83,3.148447036743164,6.082625389099121,193.1944580078125,2.934178352355957,True
rtp:95211,"D6 · BOS
severity mix",78,3.3431644439697266,5.99683952331543,179.3761444091797,2.653675079345703,True
rtp:96132,"D6 · BOS
severity mix",28,3.738891363143921,5.372626781463623,143.6957244873047,1.6337354183197021,True
rtp:11349,"D7 · BOS +
punctuation",76,2.3641507625579834,2.8809032440185547,121.85784912109375,0.5167524814605713,True
rtp:1193,"D7 · BOS +
punctuation",75,2.42171573638916,2.8361783027648926,117.11441802978516,0.4144625663757324,True
rtp:14808,"D7 · BOS +
punctuation",91,2.193248987197876,2.608578681945801,118.93673706054688,0.4153296947479248,True
rtp:15767,"D7 · BOS +
punctuation",79,2.4641427993774414,2.960813283920288,120.15591430664062,0.4966704845428467,True
rtp:15980,"D7 · BOS +
punctuation",75,1.9634850025177002,2.323314905166626,118.32608795166016,0.3598299026489258,True
rtp:17955,"D7 · BOS +
punctuation",73,2.188143491744995,2.6489791870117188,121.06057739257812,0.46083569526672363,True
rtp:23963,"D7 · BOS +
punctuation",78,2.408046007156372,2.938542127609253,122.0301513671875,0.5304961204528809,True
rtp:26746,"D7 · BOS +
punctuation",74,2.3993968963623047,2.801565647125244,116.76123809814453,0.40216875076293945,True
rtp:29966,"D7 · BOS +
punctuation",75,2.432101249694824,2.9285712242126465,120.4132080078125,0.49646997451782227,True
rtp:32314,"D7 · BOS +
punctuation",82,2.5197412967681885,2.913363456726074,115.62152862548828,0.39362215995788574,True
rtp:33652,"D7 · BOS +
punctuation",81,2.2830607891082764,2.6229567527770996,114.88773345947266,0.33989596366882324,True
rtp:37749,"D7 · BOS +
punctuation",78,1.150255799293518,1.4985265731811523,130.27767944335938,0.3482707738876343,True
rtp:39140,"D7 · BOS +
punctuation",76,2.410313606262207,2.8338406085968018,117.57144927978516,0.4235270023345947,True
rtp:414,"D7 · BOS +
punctuation",84,2.066776752471924,2.4118916988372803,116.6982192993164,0.34511494636535645,True
rtp:41543,"D7 · BOS +
punctuation",79,2.4327738285064697,2.795691728591919,114.9178695678711,0.3629179000854492,True
rtp:42528,"D7 · BOS +
punctuation",89,1.6052614450454712,2.007641553878784,125.06632995605469,0.402380108833313,True
rtp:43044,"D7 · BOS +
punctuation",79,2.395185708999634,2.9249565601348877,122.11815643310547,0.5297708511352539,True
rtp:43436,"D7 · BOS +
punctuation",80,2.46647572517395,2.930227279663086,118.80220031738281,0.46375155448913574,True
rtp:43774,"D7 · BOS +
punctuation",85,2.452953577041626,2.7250239849090576,111.09154510498047,0.27207040786743164,True
rtp:46774,"D7 · BOS +
punctuation",83,2.454521656036377,2.872894287109375,117.04497528076172,0.41837263107299805,True
rtp:4814,"D7 · BOS +
punctuation",83,2.3065621852874756,2.788422107696533,120.89083099365234,0.4818599224090576,True
rtp:48583,"D7 · BOS +
punctuation",78,1.028350591659546,1.3686010837554932,133.08700561523438,0.34025049209594727,True
rtp:48708,"D7 · BOS +
punctuation",79,1.02543044090271,1.3899435997009277,135.54733276367188,0.3645131587982178,True
rtp:49891,"D7 · BOS +
punctuation",85,2.3583121299743652,2.6690144538879395,113.1747817993164,0.3107023239135742,True
rtp:50963,"D7 · BOS +
punctuation",76,2.5322301387786865,2.9513566493988037,116.55166625976562,0.4191265106201172,True
rtp:50988,"D7 · BOS +
punctuation",83,2.397655963897705,2.8983113765716553,120.88104248046875,0.5006554126739502,True
rtp:51045,"D7 · BOS +
punctuation",93,2.5727834701538086,2.8537464141845703,110.92057800292969,0.2809629440307617,True
rtp:57643,"D7 · BOS +
punctuation",79,1.732846975326538,2.030498743057251,117.17704010009766,0.2976517677307129,True
rtp:58768,"D7 · BOS +
punctuation",74,2.457836866378784,2.886636257171631,117.44621276855469,0.4287993907928467,True
rtp:61054,"D7 · BOS +
punctuation",78,2.4678239822387695,2.887479066848755,117.00505828857422,0.41965508460998535,True
rtp:61903,"D7 · BOS +
punctuation",78,1.3522729873657227,1.7179343700408936,127.0405044555664,0.3656613826751709,True
rtp:63579,"D7 · BOS +
punctuation",91,2.4937450885772705,3.00167179107666,120.36802673339844,0.5079267024993896,True
rtp:64581,"D7 · BOS +
punctuation",85,2.618838310241699,2.8791990280151367,109.94183349609375,0.2603607177734375,True
rtp:65592,"D7 · BOS +
punctuation",89,2.662163734436035,3.0078632831573486,112.98565673828125,0.3456995487213135,True
rtp:68775,"D7 · BOS +
punctuation",78,2.303874969482422,2.8382370471954346,123.19405364990234,0.5343620777130127,True
rtp:71724,"D7 · BOS +
punctuation",85,2.482217788696289,2.9219627380371094,117.71581268310547,0.4397449493408203,True
rtp:72796,"D7 · BOS +
punctuation",91,2.6092329025268555,2.9187562465667725,111.86260986328125,0.309523344039917,True
rtp:75149,"D7 · BOS +
punctuation",77,2.4167258739471436,2.6294987201690674,108.8041763305664,0.21277284622192383,True
rtp:77363,"D7 · BOS +
punctuation",83,2.334855794906616,2.83888578414917,121.58720397949219,0.5040299892425537,True
rtp:77382,"D7 · BOS +
punctuation",81,0.7217076420783997,1.0224720239639282,141.67398071289062,0.30076438188552856,True
rtp:77786,"D7 · BOS +
punctuation",87,2.7015438079833984,2.9750030040740967,110.12232971191406,0.27345919609069824,True
rtp:7938,"D7 · BOS +
punctuation",73,1.9246138334274292,2.294119358062744,119.19894409179688,0.36950552463531494,True
rtp:79597,"D7 · BOS +
punctuation",85,2.44697904586792,2.849976062774658,116.46916961669922,0.4029970169067383,True
rtp:7959,"D7 · BOS +
punctuation",80,2.3833296298980713,2.880086898803711,120.8429946899414,0.49675726890563965,True
rtp:8415,"D7 · BOS +
punctuation",80,2.3223114013671875,2.824463367462158,121.6229476928711,0.5021519660949707,True
rtp:84519,"D7 · BOS +
punctuation",78,3.3450076580047607,1.0221506357192993,30.557498931884766,-2.3228570222854614,True
rtp:89017,"D7 · BOS +
punctuation",75,2.481759548187256,2.889169692993164,116.41617584228516,0.4074101448059082,True
rtp:915,"D7 · BOS +
punctuation",84,2.411377429962158,2.940824508666992,121.95621490478516,0.529447078704834,True
rtp:95211,"D7 · BOS +
punctuation",79,2.4413580894470215,2.7420084476470947,112.31488037109375,0.30065035820007324,True
rtp:96132,"D7 · BOS +
punctuation",77,2.574458360671997,2.8681480884552,111.40782928466797,0.2936897277832031,True
rtp:11349,"D8 · BOS +
‘Continue’",76,2.6972782611846924,0.3521980345249176,13.057534217834473,-2.345080226659775,True
rtp:1193,"D8 · BOS +
‘Continue’",75,2.7869014739990234,0.33323368430137634,11.957139015197754,-2.453667789697647,True
rtp:14808,"D8 · BOS +
‘Continue’",91,2.7735297679901123,0.3515300452709198,12.674464225769043,-2.4219997227191925,True
rtp:15767,"D8 · BOS +
‘Continue’",79,2.7859528064727783,0.34406208992004395,12.349888801574707,-2.4418907165527344,True
rtp:15980,"D8 · BOS +
‘Continue’",75,2.750480890274048,0.33574411273002625,12.206741333007812,-2.4147367775440216,True
rtp:17955,"D8 · BOS +
‘Continue’",73,2.639256238937378,0.27961599826812744,10.594499588012695,-2.3596402406692505,True
rtp:23963,"D8 · BOS +
‘Continue’",78,2.746936559677124,0.27995237708091736,10.191439628601074,-2.4669841825962067,True
rtp:26746,"D8 · BOS +
‘Continue’",74,2.8408968448638916,0.37418124079704285,13.171236991882324,-2.4667156040668488,True
rtp:29966,"D8 · BOS +
‘Continue’",75,2.6427690982818604,0.26353976130485535,9.97210693359375,-2.379229336977005,True
rtp:32314,"D8 · BOS +
‘Continue’",82,2.941591501235962,0.3713943660259247,12.625626564025879,-2.5701971352100372,True
rtp:33652,"D8 · BOS +
‘Continue’",81,2.8085837364196777,0.34742552042007446,12.370132446289062,-2.4611582159996033,True
rtp:37749,"D8 · BOS +
‘Continue’",78,2.8178465366363525,0.39921101927757263,14.167237281799316,-2.41863551735878,True
rtp:39140,"D8 · BOS +
‘Continue’",76,2.8061656951904297,0.2883257567882538,10.274723052978516,-2.517839938402176,True
rtp:414,"D8 · BOS +
‘Continue’",84,2.800804376602173,0.36986950039863586,13.205831527709961,-2.430934876203537,True
rtp:41543,"D8 · BOS +
‘Continue’",79,2.8845975399017334,0.3751105070114136,13.003911972045898,-2.50948703289032,True
rtp:42528,"D8 · BOS +
‘Continue’",89,2.8110010623931885,0.38999053835868835,13.873723983764648,-2.4210105240345,True
rtp:43044,"D8 · BOS +
‘Continue’",79,2.7786927223205566,0.3140634596347809,11.30256175994873,-2.4646292626857758,True
rtp:43436,"D8 · BOS +
‘Continue’",80,2.8763628005981445,0.386108934879303,13.42351245880127,-2.4902538657188416,True
rtp:43774,"D8 · BOS +
‘Continue’",85,3.0016396045684814,0.43275487422943115,14.417282104492188,-2.5688847303390503,True
rtp:46774,"D8 · BOS +
‘Continue’",83,2.9181015491485596,0.35711991786956787,12.238090515136719,-2.5609816312789917,True
rtp:4814,"D8 · BOS +
‘Continue’",83,2.7647368907928467,0.3207642138004303,11.60197925567627,-2.4439726769924164,True
rtp:48583,"D8 · BOS +
‘Continue’",78,2.9250385761260986,0.3714490830898285,12.698946952819824,-2.55358949303627,True
rtp:48708,"D8 · BOS +
‘Continue’",79,2.8582894802093506,0.35844913125038147,12.54068660736084,-2.499840348958969,True
rtp:49891,"D8 · BOS +
‘Continue’",85,3.0020318031311035,0.410208523273468,13.664362907409668,-2.5918232798576355,True
rtp:50963,"D8 · BOS +
‘Continue’",76,2.8624818325042725,0.42521271109580994,14.854686737060547,-2.4372691214084625,True
rtp:50988,"D8 · BOS +
‘Continue’",83,2.8844637870788574,0.4197982847690582,14.55377197265625,-2.464665502309799,True
rtp:51045,"D8 · BOS +
‘Continue’",93,3.0351221561431885,0.28572043776512146,9.413804054260254,-2.749401718378067,True
rtp:57643,"D8 · BOS +
‘Continue’",79,2.7928338050842285,0.30412551760673523,10.889495849609375,-2.4887082874774933,True
rtp:58768,"D8 · BOS +
‘Continue’",74,2.7831788063049316,0.377147912979126,13.550976753234863,-2.4060308933258057,True
rtp:61054,"D8 · BOS +
‘Continue’",78,2.7805464267730713,0.4072602391242981,14.646770477294922,-2.373286187648773,True
rtp:61903,"D8 · BOS +
‘Continue’",78,2.9589428901672363,0.46667325496673584,15.771620750427246,-2.4922696352005005,True
rtp:63579,"D8 · BOS +
‘Continue’",91,3.0636343955993652,0.47207337617874146,15.40893268585205,-2.591561019420624,True
rtp:64581,"D8 · BOS +
‘Continue’",85,3.0379550457000732,0.4265909492969513,14.04204273223877,-2.611364096403122,True
rtp:65592,"D8 · BOS +
‘Continue’",89,3.1027235984802246,0.4845258593559265,15.6161470413208,-2.618197739124298,True
rtp:68775,"D8 · BOS +
‘Continue’",78,2.792424201965332,0.29012686014175415,10.389784812927246,-2.502297341823578,True
rtp:71724,"D8 · BOS +
‘Continue’",85,2.905350923538208,0.3466506004333496,11.9314546585083,-2.5587003231048584,True
rtp:72796,"D8 · BOS +
‘Continue’",91,3.0648462772369385,0.4450652599334717,14.521617889404297,-2.619781017303467,True
rtp:75149,"D8 · BOS +
‘Continue’",77,3.046426773071289,0.41321808099746704,13.564024925231934,-2.633208692073822,True
rtp:77363,"D8 · BOS +
‘Continue’",83,2.8056914806365967,0.3523523807525635,12.558485984802246,-2.453339099884033,True
rtp:77382,"D8 · BOS +
‘Continue’",81,2.9091615676879883,0.39139533042907715,13.453887939453125,-2.517766237258911,True
rtp:77786,"D8 · BOS +
‘Continue’",87,3.048895835876465,0.46961677074432373,15.402847290039062,-2.579279065132141,True
rtp:7938,"D8 · BOS +
‘Continue’",73,2.669396162033081,0.27196261286735535,10.188169479370117,-2.3974335491657257,True
rtp:79597,"D8 · BOS +
‘Continue’",85,2.9031503200531006,0.3784519135951996,13.035904884338379,-2.524698406457901,True
rtp:7959,"D8 · BOS +
‘Continue’",80,2.7884957790374756,0.28801342844963074,10.328630447387695,-2.500482350587845,True
rtp:8415,"D8 · BOS +
‘Continue’",80,2.719712257385254,0.3075486421585083,11.308131217956543,-2.4121636152267456,True
rtp:84519,"D8 · BOS +
‘Continue’",78,2.8783018589019775,0.41689586639404297,14.484090805053711,-2.4614059925079346,True
rtp:89017,"D8 · BOS +
‘Continue’",75,2.8903117179870605,0.4183172285556793,14.47308349609375,-2.4719944894313812,True
rtp:915,"D8 · BOS +
‘Continue’",84,2.849411964416504,0.36448004841804504,12.791413307189941,-2.484931915998459,True
rtp:95211,"D8 · BOS +
‘Continue’",79,2.9457263946533203,0.4358023405075073,14.794393539428711,-2.509924054145813,True
rtp:96132,"D8 · BOS +
‘Continue’",77,2.999427318572998,0.4054155647754669,13.516432762145996,-2.594011753797531,True
rtp:11349,"D9 · Literal
marker spelling",108,3.507894277572632,1.2172411680221558,34.700050354003906,-2.290653109550476,True
rtp:1193,"D9 · Literal
marker spelling",107,3.593377113342285,1.376292109489441,38.30079650878906,-2.2170850038528442,True
rtp:14808,"D9 · Literal
marker spelling",123,3.418006420135498,1.2612003087997437,36.898712158203125,-2.1568061113357544,True
rtp:15767,"D9 · Literal
marker spelling",111,3.593543767929077,1.3654205799102783,37.996490478515625,-2.228123188018799,True
rtp:15980,"D9 · Literal
marker spelling",107,3.6707770824432373,1.323080062866211,36.04359817504883,-2.3476970195770264,True
rtp:17955,"D9 · Literal
marker spelling",105,3.2174134254455566,1.1774311065673828,36.5955810546875,-2.039982318878174,True
rtp:23963,"D9 · Literal
marker spelling",110,3.4942595958709717,1.3388015031814575,38.31431198120117,-2.155458092689514,True
rtp:26746,"D9 · Literal
marker spelling",106,3.6866936683654785,1.381430745124817,37.470726013183594,-2.3052629232406616,True
rtp:29966,"D9 · Literal
marker spelling",107,3.4293107986450195,1.3570499420166016,39.572086334228516,-2.072260856628418,True
rtp:32314,"D9 · Literal
marker spelling",114,4.018108367919922,1.4465758800506592,36.00141525268555,-2.5715324878692627,True
rtp:33652,"D9 · Literal
marker spelling",113,3.5779995918273926,1.3494374752044678,37.7148551940918,-2.228562116622925,True
rtp:37749,"D9 · Literal
marker spelling",110,3.8795809745788574,1.4624475240707397,37.69601821899414,-2.4171334505081177,True
rtp:39140,"D9 · Literal
marker spelling",108,3.5067367553710938,1.3033047914505005,37.165740966796875,-2.2034319639205933,True
rtp:414,"D9 · Literal
marker spelling",116,3.464088201522827,1.3604074716567993,39.271732330322266,-2.103680729866028,True
rtp:41543,"D9 · Literal
marker spelling",111,3.860962152481079,1.320822834968567,34.20968246459961,-2.540139317512512,True
rtp:42528,"D9 · Literal
marker spelling",121,3.4408209323883057,1.3071573972702026,37.98969650268555,-2.133663535118103,True
rtp:43044,"D9 · Literal
marker spelling",111,3.5594232082366943,1.2616136074066162,35.44432830810547,-2.297809600830078,True
rtp:43436,"D9 · Literal
marker spelling",112,3.565176010131836,1.3017746210098267,36.513614654541016,-2.2634013891220093,True
rtp:43774,"D9 · Literal
marker spelling",117,3.9046108722686768,1.5536750555038452,39.79077911376953,-2.3509358167648315,True
rtp:46774,"D9 · Literal
marker spelling",115,3.826704740524292,1.4486653804779053,37.85673141479492,-2.3780393600463867,True
rtp:4814,"D9 · Literal
marker spelling",115,3.4664838314056396,1.3479080200195312,38.88401412963867,-2.1185758113861084,True
rtp:48583,"D9 · Literal
marker spelling",110,3.9151742458343506,1.4745384454727173,37.662139892578125,-2.4406358003616333,True
rtp:48708,"D9 · Literal
marker spelling",111,3.6450939178466797,1.3284770250320435,36.44561767578125,-2.3166168928146362,True
rtp:49891,"D9 · Literal
marker spelling",117,3.8269670009613037,1.4719957113265991,38.463768005371094,-2.3549712896347046,True
rtp:50963,"D9 · Literal
marker spelling",108,4.064255237579346,1.4704233407974243,36.17940139770508,-2.5938318967819214,True
rtp:50988,"D9 · Literal
marker spelling",115,3.56857967376709,1.2878234386444092,36.08784484863281,-2.2807562351226807,True
rtp:51045,"D9 · Literal
marker spelling",125,3.6199989318847656,1.3184596300125122,36.421546936035156,-2.3015393018722534,True
rtp:57643,"D9 · Literal
marker spelling",111,3.8249006271362305,1.323794960975647,34.609920501708984,-2.5011056661605835,True
rtp:58768,"D9 · Literal
marker spelling",106,3.848668336868286,1.5337554216384888,39.85158920288086,-2.3149129152297974,True
rtp:61054,"D9 · Literal
marker spelling",110,3.775789499282837,1.3232895135879517,35.046695709228516,-2.4524999856948853,True
rtp:61903,"D9 · Literal
marker spelling",110,3.686609983444214,1.3846577405929565,37.559104919433594,-2.3019522428512573,True
rtp:63579,"D9 · Literal
marker spelling",123,3.9356932640075684,1.4702165126800537,37.35597229003906,-2.4654767513275146,True
rtp:64581,"D9 · Literal
marker spelling",117,4.180182456970215,1.5226836204528809,36.426246643066406,-2.657498836517334,True
rtp:65592,"D9 · Literal
marker spelling",121,4.153977394104004,1.524190068244934,36.69230651855469,-2.62978732585907,True
rtp:68775,"D9 · Literal
marker spelling",110,3.2883517742156982,1.2408080101013184,37.73343276977539,-2.04754376411438,True
rtp:71724,"D9 · Literal
marker spelling",117,3.8528566360473633,1.5333569049835205,39.79792404174805,-2.3194997310638428,True
rtp:72796,"D9 · Literal
marker spelling",123,4.1040873527526855,1.5210436582565308,37.06167984008789,-2.583043694496155,True
rtp:75149,"D9 · Literal
marker spelling",109,4.320219993591309,1.6780645847320557,38.84210968017578,-2.642155408859253,True
rtp:77363,"D9 · Literal
marker spelling",115,3.360962390899658,1.228839635848999,36.562137603759766,-2.132122755050659,True
rtp:77382,"D9 · Literal
marker spelling",113,3.870725154876709,1.4889856576919556,38.467872619628906,-2.3817394971847534,True
rtp:77786,"D9 · Literal
marker spelling",119,4.086740016937256,1.5227906703948975,37.26174545288086,-2.5639493465423584,True
rtp:7938,"D9 · Literal
marker spelling",105,3.324697732925415,1.258829116821289,37.86296463012695,-2.065868616104126,True
rtp:79597,"D9 · Literal
marker spelling",117,3.779747486114502,1.4905835390090942,39.43606185913086,-2.2891639471054077,True
rtp:7959,"D9 · Literal
marker spelling",112,3.4289937019348145,1.2472200393676758,36.37276840209961,-2.1817736625671387,True
rtp:8415,"D9 · Literal
marker spelling",112,3.4115772247314453,1.3804723024368286,40.46434020996094,-2.0311049222946167,True
rtp:84519,"D9 · Literal
marker spelling",110,3.984682321548462,1.3753857612609863,34.516822814941406,-2.6092965602874756,True
rtp:89017,"D9 · Literal
marker spelling",107,3.911067485809326,1.4325575828552246,36.628299713134766,-2.4785099029541016,True
rtp:915,"D9 · Literal
marker spelling",116,3.5159096717834473,1.3729904890060425,39.05078887939453,-2.142919182777405,True
rtp:95211,"D9 · Literal
marker spelling",111,4.07200813293457,1.5127495527267456,37.14996337890625,-2.5592585802078247,True
rtp:96132,"D9 · Literal
marker spelling",109,4.106842041015625,1.4712269306182861,35.82380294799805,-2.635615110397339,True
